season,player_name,position,adp_overall,source_name
2023,Christian McCaffrey,RB,1.5,fantasypros
2023,Justin Jefferson,WR,1.5,fantasypros
2023,Austin Ekeler,RB,3.5,fantasypros
2023,Ja'Marr Chase,WR,4.5,fantasypros
2023,Travis Kelce,TE,5.0,fantasypros
2023,Bijan Robinson,RB,6.5,fantasypros
2023,Tyreek Hill,WR,6.5,fantasypros
2023,Nick Chubb O,RB,8.0,fantasypros
2023,Saquon Barkley,RB,8.0,fantasypros
2023,Stefon Diggs,WR,11.0,fantasypros
2023,CeeDee Lamb,WR,12.0,fantasypros
2023,A.J. Brown,WR,14.0,fantasypros
2023,Patrick Mahomes II,QB,14.0,fantasypros
2023,Derrick Henry,RB,15.0,fantasypros
2023,Josh Jacobs,RB,15.0,fantasypros
2023,Tony Pollard,RB,15.5,fantasypros
2023,Davante Adams,WR,17.0,fantasypros
2023,Cooper Kupp,WR,18.0,fantasypros
2023,Amon-Ra St. Brown,WR,18.5,fantasypros
2023,Josh Allen,QB,18.5,fantasypros
2023,Garrett Wilson,WR,19.0,fantasypros
2023,Jalen Hurts,QB,21.5,fantasypros
2023,Jaylen Waddle,WR,24.0,fantasypros
2023,Najee Harris,RB,24.0,fantasypros
2023,Chris Olave,WR,25.0,fantasypros
2023,Travis Etienne Jr.,RB,26.0,fantasypros
2023,DeVonta Smith,WR,28.5,fantasypros
2023,Mark Andrews,TE,28.5,fantasypros
2023,Rhamondre Stevenson,RB,28.5,fantasypros
2023,Joe Mixon,RB,30.0,fantasypros
2023,Jahmyr Gibbs,RB,31.0,fantasypros
2023,Lamar Jackson,QB,32.5,fantasypros
2023,Tee Higgins,WR,33.5,fantasypros
2023,Joe Burrow CIN (7) O,QB,34.0,fantasypros
2023,Calvin Ridley,WR,34.5,fantasypros
2023,DK Metcalf,WR,36.0,fantasypros
2023,Deebo Samuel Sr.,WR,38.5,fantasypros
2023,Kenneth Walker III,RB,38.5,fantasypros
2023,Aaron Jones Sr.,RB,39.5,fantasypros
2023,Dameon Pierce,RB,39.5,fantasypros
2023,Justin Herbert LAC (5) O,QB,40.0,fantasypros
2023,Amari Cooper,WR,42.0,fantasypros
2023,Keenan Allen,WR,42.5,fantasypros
2023,Justin Fields,QB,45.5,fantasypros
2023,Breece Hall,RB,46.5,fantasypros
2023,T.J. Hockenson MIN (13) O,TE,46.5,fantasypros
2023,J.K. Dobbins DEN (9) O,RB,47.5,fantasypros
2023,Miles Sanders,RB,49.5,fantasypros
2023,DJ Moore,WR,51.0,fantasypros
2023,Alexander Mattison,RB,51.5,fantasypros
2023,George Kittle,TE,51.5,fantasypros
2023,Darren Waller,TE,53.0,fantasypros
2023,Terry McLaurin,WR,54.5,fantasypros
2023,DeAndre Hopkins,WR,55.0,fantasypros
2023,Trevor Lawrence,QB,55.0,fantasypros
2023,Jonathan Taylor,RB,57.0,fantasypros
2023,Cam Akers SEA (5) O,RB,57.5,fantasypros
2023,Christian Watson,WR,58.0,fantasypros
2023,Javonte Williams,RB,62.0,fantasypros
2023,James Conner,RB,62.5,fantasypros
2023,James Cook III,RB,62.5,fantasypros
2023,Rachaad White,RB,62.5,fantasypros
2023,Alvin Kamara,RB,63.0,fantasypros
2023,Mike Williams O,WR,63.0,fantasypros
2023,Dalvin Cook,RB,64.0,fantasypros
2023,Drake London,WR,64.0,fantasypros
2023,Brandon Aiyuk,WR,65.0,fantasypros
2023,Chris Godwin Jr.,WR,67.0,fantasypros
2023,D'Andre Swift,RB,67.0,fantasypros
2023,Dallas Goedert,TE,68.0,fantasypros
2023,Kyle Pitts Sr.,TE,69.0,fantasypros
2023,Tyler Lockett,WR,70.0,fantasypros
2023,Christian Kirk SF (9) O,WR,71.5,fantasypros
2023,Isiah Pacheco,RB,71.5,fantasypros
2023,George Pickens,WR,75.0,fantasypros
2023,David Montgomery,RB,75.5,fantasypros
2023,Diontae Johnson,WR,77.5,fantasypros
2023,Jerry Jeudy,WR,77.5,fantasypros
2023,Mike Evans,WR,77.5,fantasypros
2023,Michael Pittman Jr.,WR,79.0,fantasypros
2023,A.J. Dillon,RB,83.0,fantasypros
2023,Deshaun Watson CLE (5) O,QB,84.0,fantasypros
2023,Evan Engram,TE,85.5,fantasypros
2023,Jordan Addison,WR,86.0,fantasypros
2023,Hollywood Brown PHI (10) O,WR,86.5,fantasypros
2023,Jahan Dotson,WR,87.0,fantasypros
2023,Khalil Herbert,RB,87.0,fantasypros
2023,Dak Prescott,QB,88.0,fantasypros
2023,Antonio Gibson,RB,88.5,fantasypros
2023,Pat Freiermuth,TE,89.0,fantasypros
2023,Jaxon Smith-Njigba,WR,90.5,fantasypros
2023,Brian Robinson Jr.,RB,91.5,fantasypros
2023,Tua Tagovailoa,QB,96.0,fantasypros
2023,David Njoku,TE,97.5,fantasypros
2023,Jamaal Williams,RB,97.5,fantasypros
2023,Brandin Cooks,WR,98.5,fantasypros
2023,Gabe Davis,WR,98.5,fantasypros
2023,Zach Charbonnet,RB,101.5,fantasypros
2023,Aaron Rodgers O,QB,102.5,fantasypros
2023,Courtland Sutton,WR,104.0,fantasypros
2023,Zay Flowers,WR,105.0,fantasypros
2023,San Francisco 49ers,DST,106.0,fantasypros
2023,Michael Thomas,WR,107.0,fantasypros
2023,Samaje Perine,RB,108.5,fantasypros
2023,Kirk Cousins O,QB,109.0,fantasypros
2023,Justin Tucker,K,109.5,fantasypros
2023,Anthony Richardson Sr. IND (11) O,QB,110.0,fantasypros
2023,Rashaad Penny,RB,110.0,fantasypros
2023,De'Von Achane,RB,111.0,fantasypros
2023,Dalton Kincaid,TE,112.5,fantasypros
2023,JuJu Smith-Schuster,WR,113.5,fantasypros
2023,Kadarius Toney,WR,113.5,fantasypros
2023,Odell Beckham Jr.,WR,114.5,fantasypros
2023,Raheem Mostert,RB,115.0,fantasypros
2023,Daniel Jones IND (11) O,QB,115.5,fantasypros
2023,Skyy Moore,WR,117.0,fantasypros
2023,Philadelphia Eagles,DST,117.5,fantasypros
2023,Treylon Burks,WR,119.0,fantasypros
2023,Elijah Mitchell,RB,120.5,fantasypros
2023,Elijah Moore,WR,121.0,fantasypros
2023,Geno Smith,QB,121.5,fantasypros
2023,Jaylen Warren,RB,121.5,fantasypros
2023,Quentin Johnston,WR,121.5,fantasypros
2023,Ezekiel Elliott,RB,123.5,fantasypros
2023,Dalton Schultz,TE,124.5,fantasypros
2023,Damien Harris,RB,125.5,fantasypros
2023,Dallas Cowboys,DST,127.0,fantasypros
2023,Jared Goff,QB,128.0,fantasypros
2023,Adam Thielen,WR,130.0,fantasypros
2023,Tank Bigsby,RB,130.0,fantasypros
2023,Jerick McKinnon,RB,130.5,fantasypros
2023,Allen Lazard,WR,132.5,fantasypros
2023,Cole Kmet,TE,138.5,fantasypros
2023,Tyler Allgeier,RB,138.5,fantasypros
2023,Buffalo Bills,DST,139.5,fantasypros
2023,Daniel Carlson,K,142.5,fantasypros
2023,Tyler Higbee,TE,143.5,fantasypros
2023,Chig Okonkwo,TE,144.5,fantasypros
2023,Romeo Doubs,WR,145.5,fantasypros
2023,Evan McPherson,K,147.5,fantasypros
2023,Tyler Bass,K,148.0,fantasypros
2023,D'Onta Foreman,RB,149.5,fantasypros
2023,New England Patriots,DST,150.0,fantasypros
2023,Rashod Bateman,WR,151.0,fantasypros
2023,Jameson Williams,WR,152.0,fantasypros
2023,Russell Wilson,QB,152.0,fantasypros
2023,Sam LaPorta,TE,152.5,fantasypros
2023,Harrison Butker,K,153.0,fantasypros
2023,New York Jets,DST,154.0,fantasypros
2023,Roschon Johnson,RB,154.0,fantasypros
2023,Derek Carr,QB,156.0,fantasypros
2023,Kenneth Gainwell,RB,157.0,fantasypros
2023,Kareem Hunt,RB,157.5,fantasypros
2023,Jalin Hyatt,WR,159.0,fantasypros
2023,Brock Purdy,QB,159.5,fantasypros
2023,Baltimore Ravens,DST,160.0,fantasypros
2023,Juwan Johnson,TE,160.5,fantasypros
2023,Deuce Vaughn,RB,161.5,fantasypros
2023,Devin Singletary,RB,161.5,fantasypros
2023,Kenny Pickett,QB,162.0,fantasypros
2023,Nico Collins,WR,162.5,fantasypros
2023,Jordan Love,QB,163.0,fantasypros
2023,Jakobi Meyers,WR,163.5,fantasypros
2023,Tyler Boyd,WR,163.5,fantasypros
2023,Tyjae Spears,RB,168.0,fantasypros
2023,Kendre Miller,RB,169.0,fantasypros
2023,Marvin Mims Jr.,WR,169.5,fantasypros
2023,Greg Dulcich,TE,170.0,fantasypros
2023,Darnell Mooney,WR,170.5,fantasypros
2023,Deon Jackson,RB,172.0,fantasypros
2023,Younghoe Koo,K,172.0,fantasypros
2023,Rashee Rice,WR,174.5,fantasypros
2023,New Orleans Saints,DST,175.5,fantasypros
2023,Bryce Young,QB,177.5,fantasypros
2023,Pittsburgh Steelers,DST,178.0,fantasypros
2023,Chuba Hubbard,RB,178.5,fantasypros
2023,Luke Musgrave,TE,179.5,fantasypros
2023,Washington Commanders,DST,181.5,fantasypros
2023,Jason Myers,K,182.0,fantasypros
2023,Jonathan Mingo,WR,182.0,fantasypros
2023,Zay Jones,WR,182.5,fantasypros
2023,Jake Elliott,K,183.5,fantasypros
2023,Van Jefferson,WR,185.0,fantasypros
2023,Brandon McManus,K,186.0,fantasypros
2023,Sam Howell,QB,187.0,fantasypros
2023,nan,1,188.0,fantasypros
2023,Matthew Stafford,QB,189.0,fantasypros
2023,Gerald Everett,TE,190.0,fantasypros
2023,Donovan Peoples-Jones,WR,190.5,fantasypros
2023,Miami Dolphins,DST,191.0,fantasypros
2023,Cameron Dicker,K,193.5,fantasypros
2023,Zack Moss,RB,193.5,fantasypros
2023,C.J. Stroud,QB,195.5,fantasypros
2023,Kyren Williams,RB,196.0,fantasypros
2023,Gus Edwards,RB,199.0,fantasypros
2023,Jacksonville Jaguars,DST,199.5,fantasypros
2023,Kyler Murray,QB,199.5,fantasypros
2023,K.J. Osborn,WR,200.5,fantasypros
2023,Jason Sanders,K,201.0,fantasypros
2023,Parris Campbell,WR,202.0,fantasypros
2023,Clyde Edwards-Helaire,RB,202.5,fantasypros
2023,Greg Zuerlein,K,202.5,fantasypros
2023,Jimmy Garoppolo,QB,202.5,fantasypros
2023,Taysom Hill,TE,202.5,fantasypros
2023,Michael Gallup,WR,204.0,fantasypros
2023,Joshua Kelley,RB,204.5,fantasypros
2023,Cordarrelle Patterson,RB,205.5,fantasypros
2023,Jake Ferguson,TE,206.0,fantasypros
2023,Seattle Seahawks,DST,206.5,fantasypros
2023,Denver Broncos,DST,208.0,fantasypros
2023,Zamir White,RB,208.0,fantasypros
2023,Alec Pierce,WR,211.0,fantasypros
2023,Ty Chandler,RB,211.5,fantasypros
2023,Irv Smith Jr.,TE,212.0,fantasypros
2023,Richie James Jr.,WR,213.0,fantasypros
2023,Jayden Reed,WR,213.5,fantasypros
2023,Marquez Valdes-Scantling,WR,214.0,fantasypros
2023,Chase Brown,RB,214.5,fantasypros
2023,Aidan O'Connell,QB,215.0,fantasypros
2023,Kansas City Chiefs,DST,215.5,fantasypros
2023,Joshua Dobbs,QB,216.0,fantasypros
2023,Tank Dell HOU (7) O,WR,216.0,fantasypros
2023,Tennessee Titans,DST,216.0,fantasypros
2023,Sean Tucker,RB,217.0,fantasypros
2023,Michael Mayer,TE,218.0,fantasypros
2023,Jerome Ford,RB,219.5,fantasypros
2023,Ryan Tannehill,QB,219.5,fantasypros
2023,Kyle Trask,QB,220.0,fantasypros
2023,Graham Gano,K,220.5,fantasypros
2023,Hunter Henry,TE,222.0,fantasypros
2023,Cincinnati Bengals,DST,222.5,fantasypros
2023,Justyn Ross,WR,222.5,fantasypros
2023,Evan Hull NO (11) O,RB,223.0,fantasypros
2023,Baker Mayfield,QB,225.5,fantasypros
2023,Green Bay Packers,DST,226.0,fantasypros
2023,DJ Chark Jr.,WR,226.5,fantasypros
2023,Mike Gesicki,TE,227.5,fantasypros
2023,Dawson Knox,TE,228.5,fantasypros
2023,Clayton Tune,QB,229.0,fantasypros
2023,Mac Jones,QB,229.5,fantasypros
2023,Hayden Hurst,TE,231.0,fantasypros
2023,Isaiah Hodgins,WR,232.0,fantasypros
2023,Jake Moody,K,232.0,fantasypros
2023,Matt Gay,K,233.5,fantasypros
2023,Tampa Bay Buccaneers,DST,233.5,fantasypros
2023,Zach Ertz,TE,233.5,fantasypros
2023,Desmond Ridder,QB,234.0,fantasypros
2023,Jeff Wilson Jr.,RB,236.0,fantasypros
2023,Cleveland Browns,DST,239.5,fantasypros
2023,DeWayne McBride,RB,240.0,fantasypros
2023,Leonard Fournette,RB,241.5,fantasypros
2023,Hunter Renfrow,WR,242.5,fantasypros
2023,Tyler Conklin,TE,243.0,fantasypros
2023,Minnesota Vikings,DST,244.5,fantasypros
2023,Chase Edmonds,RB,245.0,fantasypros
2023,DeVante Parker,WR,245.0,fantasypros
2023,Curtis Samuel,WR,245.5,fantasypros
2023,Joshua Palmer,WR,246.0,fantasypros
2023,Darius Slayton,WR,247.0,fantasypros
2023,Riley Patterson,K,247.0,fantasypros
2023,Jaleel McLaughlin,RB,249.0,fantasypros
2023,Rashid Shaheed,WR,249.0,fantasypros
2023,John Metchie III,WR,249.5,fantasypros
2023,Israel Abanikanda,RB,250.0,fantasypros
2023,Mecole Hardman Jr.,WR,250.0,fantasypros
2023,Los Angeles Chargers,DST,250.5,fantasypros
2023,Wil Lutz,K,251.0,fantasypros
2023,Charles McClelland,RB,256.0,fantasypros
2023,Isaiah Likely,TE,256.5,fantasypros
2023,Elijah Holyfield,RB,257.0,fantasypros
2023,Sam Darnold,QB,257.0,fantasypros
2023,Isaiah Bowser,RB,258.0,fantasypros
2023,Wan'Dale Robinson,WR,258.5,fantasypros
2023,Kyle Rudolph,TE,259.0,fantasypros
2023,Chase Claypool,WR,260.0,fantasypros
2023,Xavier Ubosi,WR,261.0,fantasypros
2023,Tristan Vizcaino,K,262.0,fantasypros
2023,New York Giants,DST,263.0,fantasypros
2023,Josh Downs,WR,264.0,fantasypros
2023,Matt Schaub,QB,264.0,fantasypros
2023,Mike White,QB,264.0,fantasypros
2023,Tommy DeVito,QB,266.0,fantasypros
2023,Logan Thomas,TE,267.0,fantasypros
2023,Scotty Miller,WR,267.0,fantasypros
2023,Derek Watt,RB,268.0,fantasypros
2023,Trey McBride,TE,268.5,fantasypros
2023,Charleston Rambo,WR,270.0,fantasypros
2023,Robert Woods,WR,270.0,fantasypros
2023,Michael Wilson,WR,271.5,fantasypros
2023,Zach Evans,RB,271.5,fantasypros
2023,Brayden Willis,TE,272.0,fantasypros
2023,Keaontay Ingram,RB,272.5,fantasypros
2023,Chris Boswell,K,274.0,fantasypros
2023,Trey Wolff,K,274.0,fantasypros
2023,Puka Nacua,WR,275.5,fantasypros
2023,Cade Otton,TE,276.0,fantasypros
2023,Latavius Murray,RB,276.0,fantasypros
2023,Noah Fant,TE,276.5,fantasypros
2023,Greg Joseph,K,277.0,fantasypros
2023,Matthew Trickett,K,277.0,fantasypros
2023,Cedric Tillman,WR,278.0,fantasypros
2023,Jelani Woods,TE,278.0,fantasypros
2023,Andre Szmyt,K,279.0,fantasypros
2023,Luke Schoonmaker,TE,279.0,fantasypros
2023,Rico Dowdle,RB,281.0,fantasypros
2023,Davis Allen,TE,282.0,fantasypros
2023,Detroit Lions,DST,283.0,fantasypros
2023,Noah Gindorff,TE,283.0,fantasypros
2023,Michael Carter,RB,283.5,fantasypros
2023,Trey Lance,QB,284.0,fantasypros
2023,Leroy Watson IV,TE,285.0,fantasypros
2023,Salvon Ahmed,RB,285.0,fantasypros
2023,Chad Henne,QB,287.0,fantasypros
2023,Khalil Shakir,WR,287.0,fantasypros
2023,Brandon Aubrey,K,288.0,fantasypros
2023,Allen Robinson II,WR,288.5,fantasypros
2023,Chris Evans,RB,289.0,fantasypros
2023,Mason Crosby,K,289.0,fantasypros
2023,Terrace Marshall Jr.,WR,290.5,fantasypros
2023,Andy Janovich,RB,291.0,fantasypros
2023,Chad Ryland,K,292.0,fantasypros
2023,Tyquan Thornton,WR,292.0,fantasypros
2023,Darius Jackson,RB,294.0,fantasypros
2023,Josh Reynolds,WR,295.0,fantasypros
2023,Elliott Fry,K,296.0,fantasypros
2023,Mack Hollins,WR,296.0,fantasypros
2023,Marvin Jones Jr.,WR,297.0,fantasypros
2023,Matt Ryan,QB,298.0,fantasypros
2023,Pierre Strong Jr.,RB,298.0,fantasypros
2023,Matt Breida,RB,299.0,fantasypros
2023,O.J. Howard,TE,299.0,fantasypros
2023,Josh Lambo,K,300.0,fantasypros
2023,Trey Palmer,WR,300.0,fantasypros
2023,Josh Rosen,QB,301.0,fantasypros
2023,Chris Rodriguez Jr. JAC (9) O,RB,302.0,fantasypros
2023,Christopher Dunn,K,302.0,fantasypros
2023,Mike Glennon,QB,303.0,fantasypros
2023,Raheem Blackshear,RB,303.0,fantasypros
2023,Benjamin Watson,TE,304.0,fantasypros
2023,Chris Brooks,RB,304.0,fantasypros
2023,Justin Watson,WR,305.0,fantasypros
2023,Danny Vitale,RB,306.0,fantasypros
2023,Cody Parkey,K,307.0,fantasypros
2023,Ryan Fitzpatrick,QB,308.0,fantasypros
2023,Zach Wilson,QB,310.0,fantasypros
2023,Bobby Holly,RB,311.0,fantasypros
2023,Jason Witten,TE,312.0,fantasypros
2023,Philip Rivers,QB,313.0,fantasypros
2023,Jazz Ferguson,WR,314.0,fantasypros
2023,Blaine Gabbert,QB,315.0,fantasypros
2023,Ryan Succop,K,316.0,fantasypros
2023,Jonathan Brown,K,317.0,fantasypros
2023,Jake Luton,QB,319.0,fantasypros
2023,Taylor Bertolet,K,320.0,fantasypros
2023,Kyle Sloter,QB,321.0,fantasypros
2024,Christian McCaffrey SF (9) O,RB,1.0,fantasypros
2024,CeeDee Lamb,WR,2.5,fantasypros
2024,Tyreek Hill,WR,2.5,fantasypros
2024,Bijan Robinson,RB,5.5,fantasypros
2024,Justin Jefferson,WR,5.5,fantasypros
2024,Breece Hall,RB,6.0,fantasypros
2024,Amon-Ra St. Brown,WR,6.5,fantasypros
2024,Ja'Marr Chase,WR,6.5,fantasypros
2024,A.J. Brown,WR,10.0,fantasypros
2024,Jonathan Taylor,RB,10.5,fantasypros
2024,Saquon Barkley,RB,10.5,fantasypros
2024,Jahmyr Gibbs,RB,11.5,fantasypros
2024,Garrett Wilson,WR,12.5,fantasypros
2024,Puka Nacua,WR,14.5,fantasypros
2024,Marvin Harrison Jr.,WR,15.0,fantasypros
2024,Travis Etienne Jr.,RB,15.5,fantasypros
2024,Kyren Williams,RB,18.0,fantasypros
2024,Derrick Henry,RB,19.0,fantasypros
2024,De'Von Achane,RB,20.5,fantasypros
2024,Josh Jacobs,RB,20.5,fantasypros
2024,Drake London,WR,21.0,fantasypros
2024,Davante Adams,WR,21.5,fantasypros
2024,Josh Allen,QB,22.0,fantasypros
2024,Isiah Pacheco,RB,24.5,fantasypros
2024,Chris Olave,WR,25.5,fantasypros
2024,Deebo Samuel Sr.,WR,26.5,fantasypros
2024,Nico Collins,WR,29.0,fantasypros
2024,Jalen Hurts,QB,30.5,fantasypros
2024,Travis Kelce,TE,30.5,fantasypros
2024,Sam LaPorta,TE,31.0,fantasypros
2024,Patrick Mahomes II,QB,33.0,fantasypros
2024,James Cook III,RB,33.5,fantasypros
2024,Rachaad White,RB,34.0,fantasypros
2024,Brandon Aiyuk SF (9) O,WR,34.5,fantasypros
2024,Cooper Kupp,WR,36.0,fantasypros
2024,Michael Pittman Jr.,WR,36.0,fantasypros
2024,Mike Evans,WR,37.5,fantasypros
2024,Lamar Jackson,QB,38.0,fantasypros
2024,DJ Moore,WR,38.5,fantasypros
2024,Jaylen Waddle,WR,38.5,fantasypros
2024,Stefon Diggs O,WR,39.0,fantasypros
2024,DK Metcalf,WR,39.5,fantasypros
2024,Kenneth Walker III,RB,40.0,fantasypros
2024,Joe Mixon,RB,42.0,fantasypros
2024,Alvin Kamara,RB,43.5,fantasypros
2024,Malik Nabers,WR,44.5,fantasypros
2024,DeVonta Smith,WR,46.0,fantasypros
2024,Trey McBride,TE,48.5,fantasypros
2024,Dalton Kincaid,TE,49.5,fantasypros
2024,Mark Andrews,TE,49.5,fantasypros
2024,C.J. Stroud,QB,50.5,fantasypros
2024,Anthony Richardson Sr.,QB,53.0,fantasypros
2024,Aaron Jones Sr.,RB,56.0,fantasypros
2024,Amari Cooper,WR,57.0,fantasypros
2024,D'Andre Swift,RB,57.5,fantasypros
2024,James Conner,RB,58.0,fantasypros
2024,George Pickens,WR,59.0,fantasypros
2024,Rhamondre Stevenson,RB,60.0,fantasypros
2024,Tee Higgins,WR,60.5,fantasypros
2024,Zay Flowers,WR,62.0,fantasypros
2024,George Kittle,TE,64.5,fantasypros
2024,Tank Dell HOU (14) O,WR,64.5,fantasypros
2024,Terry McLaurin,WR,64.5,fantasypros
2024,David Montgomery,RB,65.0,fantasypros
2024,Kyle Pitts Sr.,TE,65.0,fantasypros
2024,Kyler Murray,QB,66.0,fantasypros
2024,Rashee Rice KC (6) O,WR,66.5,fantasypros
2024,Zamir White LV (10) O,RB,66.5,fantasypros
2024,Najee Harris,RB,67.0,fantasypros
2024,Christian Kirk SF (9) O,WR,67.5,fantasypros
2024,Joe Burrow,QB,68.0,fantasypros
2024,Evan Engram DEN (14) O,TE,70.5,fantasypros
2024,Keenan Allen,WR,73.0,fantasypros
2024,Jordan Love,QB,74.0,fantasypros
2024,Chris Godwin Jr. TB (11) O,WR,76.0,fantasypros
2024,Raheem Mostert,RB,76.5,fantasypros
2024,Dak Prescott DAL (7) O,QB,77.0,fantasypros
2024,Javonte Williams,RB,77.0,fantasypros
2024,Tony Pollard,RB,79.0,fantasypros
2024,Calvin Ridley,WR,79.5,fantasypros
2024,Jayden Reed,WR,82.0,fantasypros
2024,Xavier Worthy,WR,83.5,fantasypros
2024,Jake Ferguson,TE,85.5,fantasypros
2024,Devin Singletary,RB,86.0,fantasypros
2024,Zack Moss O,RB,87.0,fantasypros
2024,Diontae Johnson,WR,88.0,fantasypros
2024,Jaylen Warren,RB,88.5,fantasypros
2024,David Njoku,TE,90.5,fantasypros
2024,Rome Odunze,WR,91.0,fantasypros
2024,Brock Bowers,TE,91.5,fantasypros
2024,Brian Robinson Jr.,RB,93.0,fantasypros
2024,Jonathon Brooks CAR (11) O,RB,93.0,fantasypros
2024,Austin Ekeler,RB,93.5,fantasypros
2024,Nick Chubb O,RB,94.0,fantasypros
2024,Jaxon Smith-Njigba,WR,97.5,fantasypros
2024,Caleb Williams,QB,98.0,fantasypros
2024,Brock Purdy,QB,99.0,fantasypros
2024,Christian Watson,WR,99.0,fantasypros
2024,Ladd McConkey,WR,99.5,fantasypros
2024,DeAndre Hopkins,WR,100.0,fantasypros
2024,Jayden Daniels,QB,100.5,fantasypros
2024,Jordan Addison,WR,100.5,fantasypros
2024,Jerome Ford,RB,101.5,fantasypros
2024,Tyjae Spears,RB,101.5,fantasypros
2024,Chase Brown,RB,102.5,fantasypros
2024,Hollywood Brown,WR,105.5,fantasypros
2024,Tua Tagovailoa,QB,106.0,fantasypros
2024,Keon Coleman,WR,106.5,fantasypros
2024,Jameson Williams,WR,107.0,fantasypros
2024,Brian Thomas Jr.,WR,109.0,fantasypros
2024,Courtland Sutton,WR,109.0,fantasypros
2024,Jared Goff,QB,109.0,fantasypros
2024,Ezekiel Elliott,RB,109.5,fantasypros
2024,Gus Edwards,RB,110.0,fantasypros
2024,Trey Benson,RB,110.5,fantasypros
2024,Blake Corum,RB,111.0,fantasypros
2024,Dallas Goedert,TE,115.0,fantasypros
2024,Chuba Hubbard,RB,119.0,fantasypros
2024,Romeo Doubs,WR,121.0,fantasypros
2024,J.K. Dobbins,RB,122.5,fantasypros
2024,Curtis Samuel,WR,123.5,fantasypros
2024,Trevor Lawrence JAC (12) O,QB,123.5,fantasypros
2024,Khalil Shakir,WR,124.0,fantasypros
2024,T.J. Hockenson,TE,125.0,fantasypros
2024,Justin Herbert LAC (5) Q,QB,126.0,fantasypros
2024,Dalton Schultz,TE,127.5,fantasypros
2024,Zach Charbonnet,RB,128.0,fantasypros
2024,Rico Dowdle,RB,128.5,fantasypros
2024,Pat Freiermuth,TE,129.0,fantasypros
2024,Joshua Palmer,WR,131.0,fantasypros
2024,Brandon Aubrey,K,133.5,fantasypros
2024,Cole Kmet,TE,134.5,fantasypros
2024,Ty Chandler,RB,135.5,fantasypros
2024,Tyler Lockett,WR,137.0,fantasypros
2024,Jakobi Meyers,WR,137.5,fantasypros
2024,Justin Tucker,K,137.5,fantasypros
2024,Kirk Cousins,QB,137.5,fantasypros
2024,Jerry Jeudy,WR,138.5,fantasypros
2024,Aaron Rodgers,QB,139.0,fantasypros
2024,Jaylen Wright,RB,140.0,fantasypros
2024,Mike Williams,WR,144.0,fantasypros
2024,Tyler Allgeier,RB,144.0,fantasypros
2024,Harrison Butker,K,145.0,fantasypros
2024,Jaleel McLaughlin,RB,147.0,fantasypros
2024,Adonai Mitchell,WR,147.5,fantasypros
2024,Matthew Stafford,QB,150.0,fantasypros
2024,Gabe Davis O,WR,151.5,fantasypros
2024,Taysom Hill O,TE,154.0,fantasypros
2024,MarShawn Lloyd,RB,155.0,fantasypros
2024,Antonio Gibson,RB,155.5,fantasypros
2024,Rashid Shaheed SEA (10) O,WR,156.5,fantasypros
2024,Brandin Cooks,WR,157.5,fantasypros
2024,Dontayvion Wicks,WR,158.0,fantasypros
2024,New York Jets,DST,158.0,fantasypros
2024,San Francisco 49ers,DST,158.5,fantasypros
2024,Luke Musgrave,TE,161.0,fantasypros
2024,Baker Mayfield,QB,163.0,fantasypros
2024,Ray Davis,RB,163.0,fantasypros
2024,Ka'imi Fairbairn,K,163.5,fantasypros
2024,Adam Thielen,WR,164.0,fantasypros
2024,Xavier Legette,WR,164.5,fantasypros
2024,Kimani Vidal,RB,167.0,fantasypros
2024,Dallas Cowboys,DST,168.0,fantasypros
2024,Baltimore Ravens,DST,169.0,fantasypros
2024,Bucky Irving,RB,169.0,fantasypros
2024,Ja'Lynn Polk,WR,169.0,fantasypros
2024,Jake Elliott,K,169.0,fantasypros
2024,Braelon Allen,RB,170.0,fantasypros
2024,Darnell Mooney,WR,171.0,fantasypros
2024,Deshaun Watson CLE (10) O,QB,171.5,fantasypros
2024,Younghoe Koo,K,171.5,fantasypros
2024,Jake Moody,K,175.0,fantasypros
2024,Michael Wilson,WR,175.5,fantasypros
2024,Josh Downs,WR,177.0,fantasypros
2024,Tyrone Tracy Jr.,RB,179.0,fantasypros
2024,Will Levis,QB,179.0,fantasypros
2024,Khalil Herbert,RB,179.5,fantasypros
2024,Evan McPherson,K,181.0,fantasypros
2024,Geno Smith,QB,182.0,fantasypros
2024,Isaiah Likely,TE,186.5,fantasypros
2024,Tyler Conklin,TE,187.0,fantasypros
2024,Cleveland Browns,DST,188.0,fantasypros
2024,Hunter Henry,TE,188.0,fantasypros
2024,Cameron Dicker,K,189.5,fantasypros
2024,Dyami Brown,WR,190.0,fantasypros
2024,Jason Sanders,K,190.5,fantasypros
2024,Pittsburgh Steelers,DST,191.5,fantasypros
2024,Quentin Johnston,WR,192.0,fantasypros
2024,Jordan Mason,RB,193.0,fantasypros
2024,Jahan Dotson,WR,195.5,fantasypros
2024,Jacoby Brissett,QB,196.0,fantasypros
2024,Tyler Bass,K,196.0,fantasypros
2024,DeMario Douglas,WR,196.5,fantasypros
2024,Bo Nix,QB,197.0,fantasypros
2024,Bryce Young,QB,198.0,fantasypros
2024,Cade Otton,TE,199.5,fantasypros
2024,Chig Okonkwo,TE,200.5,fantasypros
2024,Dalvin Cook,RB,201.0,fantasypros
2024,Derek Carr,QB,203.0,fantasypros
2024,Tank Bigsby,RB,204.0,fantasypros
2024,Justin Fields,QB,205.5,fantasypros
2024,Daniel Jones,QB,206.0,fantasypros
2024,Kansas City Chiefs,DST,207.0,fantasypros
2024,Ben Sinnott,TE,208.0,fantasypros
2024,Washington Commanders,DST,208.0,fantasypros
2024,Drake Maye,QB,210.5,fantasypros
2024,Alexander Mattison,RB,211.5,fantasypros
2024,Russell Wilson,QB,211.5,fantasypros
2024,Troy Franklin,WR,212.0,fantasypros
2024,Buffalo Bills,DST,212.5,fantasypros
2024,Jason Myers,K,213.0,fantasypros
2024,Jermaine Burton,WR,213.0,fantasypros
2024,Miami Dolphins,DST,214.0,fantasypros
2024,Sam Darnold,QB,215.0,fantasypros
2024,Audric Estime,RB,215.5,fantasypros
2024,Matt Gay,K,216.0,fantasypros
2024,Philadelphia Eagles,DST,217.5,fantasypros
2024,Kareem Hunt,RB,218.0,fantasypros
2024,Cincinnati Bengals,DST,219.0,fantasypros
2024,Luke McCaffrey,WR,219.0,fantasypros
2024,Dameon Pierce,RB,220.5,fantasypros
2024,Marvin Mims Jr.,WR,220.5,fantasypros
2024,Roschon Johnson,RB,221.5,fantasypros
2024,Wan'Dale Robinson,WR,221.5,fantasypros
2024,Jonnu Smith,TE,222.5,fantasypros
2024,Houston Texans,DST,223.0,fantasypros
2024,Cam Akers,RB,224.0,fantasypros
2024,Jamaal Williams,RB,224.5,fantasypros
2024,Kendre Miller,RB,224.5,fantasypros
2024,Ricky Pearsall,WR,224.5,fantasypros
2024,Carson Steele,RB,225.0,fantasypros
2024,Noah Fant,TE,225.0,fantasypros
2024,Rashod Bateman,WR,226.0,fantasypros
2024,Will Shipley,RB,226.5,fantasypros
2024,Gardner Minshew II ARI (11) O,QB,227.5,fantasypros
2024,Justice Hill,RB,228.0,fantasypros
2024,Clyde Edwards-Helaire,RB,230.0,fantasypros
2024,Greg Dortch,WR,232.0,fantasypros
2024,Kenneth Gainwell,RB,232.0,fantasypros
2024,New Orleans Saints,DST,232.0,fantasypros
2024,Javon Baker,WR,233.0,fantasypros
2024,Daniel Carlson,K,233.5,fantasypros
2024,Roman Wilson,WR,234.5,fantasypros
2024,Jalen McMillan,WR,236.5,fantasypros
2024,Juwan Johnson,TE,238.0,fantasypros
2024,Tampa Bay Buccaneers,DST,238.5,fantasypros
2024,Andrei Iosivas,WR,240.0,fantasypros
2024,Seattle Seahawks,DST,241.0,fantasypros
2024,Atlanta Falcons,DST,245.0,fantasypros
2024,Ja'Tavion Sanders,TE,246.0,fantasypros
2024,Las Vegas Raiders,DST,247.0,fantasypros
2024,Keaton Mitchell,RB,247.5,fantasypros
2024,Mike Gesicki,TE,247.5,fantasypros
2024,Samaje Perine,RB,247.5,fantasypros
2024,Joe Flacco,QB,248.0,fantasypros
2024,Greg Zuerlein,K,250.0,fantasypros
2024,Cairo Santos,K,252.0,fantasypros
2024,Demarcus Robinson,WR,252.5,fantasypros
2024,Tyler Boyd,WR,254.0,fantasypros
2024,Malachi Corley,WR,255.0,fantasypros
2024,Jake Bates,K,256.0,fantasypros
2024,Michael Penix Jr.,QB,256.0,fantasypros
2024,Detroit Lions,DST,256.5,fantasypros
2024,Tennessee Titans,DST,257.0,fantasypros
2024,Will Reichard,K,257.0,fantasypros
2024,Eric Gray,RB,258.0,fantasypros
2024,Theo Johnson NYG (11) O,TE,258.0,fantasypros
2024,Zach Ertz,TE,258.0,fantasypros
2024,Trey Sermon,RB,258.5,fantasypros
2024,Jalen Tolbert,WR,259.0,fantasypros
2024,Isaac Guerendo,RB,259.5,fantasypros
2024,Dustin Hopkins,K,260.0,fantasypros
2024,Greg Dulcich,TE,260.0,fantasypros
2024,Joshua Karty,K,261.0,fantasypros
2024,Cam Little,K,262.0,fantasypros
2024,Hayden Hurst,TE,263.0,fantasypros
2024,New England Patriots,DST,263.0,fantasypros
2024,Dylan Laube,RB,263.5,fantasypros
2024,Chicago Bears,DST,264.5,fantasypros
2024,Colby Parkinson,TE,266.0,fantasypros
2024,Aidan O'Connell,QB,267.0,fantasypros
2024,Brenden Rice,WR,267.0,fantasypros
2024,D'Onta Foreman,RB,267.0,fantasypros
2024,Denver Broncos,DST,268.0,fantasypros
2024,Elijah Moore,WR,268.0,fantasypros
2024,DJ Chark Jr.,WR,269.0,fantasypros
2024,Leroy Watson IV,TE,269.0,fantasypros
2024,Indianapolis Colts,DST,273.0,fantasypros
2024,Odell Beckham Jr.,WR,273.0,fantasypros
2024,Andy Janovich,RB,274.0,fantasypros
2024,Minnesota Vikings,DST,274.0,fantasypros
2024,Devontez Walker,WR,275.0,fantasypros
2024,Miles Sanders,RB,275.0,fantasypros
2024,New York Giants,DST,275.0,fantasypros
2024,Cordarrelle Patterson,RB,276.0,fantasypros
2024,Darius Slayton,WR,276.5,fantasypros
2024,Dawson Knox,TE,277.0,fantasypros
2024,Green Bay Packers,DST,277.0,fantasypros
2024,Zay Jones,WR,277.0,fantasypros
2024,Tucker Kraft,TE,279.0,fantasypros
2024,Jalin Hyatt,WR,281.0,fantasypros
2024,O.J. Howard,TE,281.0,fantasypros
2024,Davis Cheek,QB,283.0,fantasypros
2024,Albert Wilson,WR,284.0,fantasypros
2024,Jordan Whittington,WR,284.0,fantasypros
2024,Michael Mayer,TE,285.5,fantasypros
2024,Peewee Jarrett,QB,286.0,fantasypros
2024,Calvin Austin III,WR,287.0,fantasypros
2024,Deuce Vaughn,RB,287.0,fantasypros
2024,Larry Rose III,RB,288.0,fantasypros
2024,Noah Brown O,WR,288.0,fantasypros
2024,J.J. Taylor,RB,290.0,fantasypros
2024,Malik Washington,WR,290.0,fantasypros
2024,Austin Aune,QB,292.0,fantasypros
2024,Kendrick Bourne,WR,292.5,fantasypros
2024,Tre Tucker,WR,292.5,fantasypros
2024,Treylon Burks WAS (14) O,WR,293.0,fantasypros
2024,Van Jefferson,WR,293.0,fantasypros
2024,Kevin White,WR,294.0,fantasypros
2024,Daniel Bellinger,TE,294.5,fantasypros
2024,Danny Vitale,RB,295.0,fantasypros
2024,Rasheen Ali,RB,296.0,fantasypros
2024,Emanuel Wilson,RB,297.0,fantasypros
2024,Isaiah Bowser,RB,297.0,fantasypros
2024,Jonathan Mingo,WR,298.0,fantasypros
2024,Jeff Wilson Jr.,RB,300.0,fantasypros
2024,Zay Malone,WR,300.0,fantasypros
2024,Alec Pierce,WR,301.0,fantasypros
2024,Frank Gore Jr.,RB,301.0,fantasypros
2024,Josh Reynolds,WR,303.0,fantasypros
2024,Mark Ingram II,RB,305.0,fantasypros
2024,Jalen Nailor,WR,306.0,fantasypros
2024,Los Angeles Rams,DST,306.0,fantasypros
2024,Evan Hull,RB,308.0,fantasypros
2024,K.J. Osborn,WR,308.0,fantasypros
2024,Los Angeles Chargers,DST,310.5,fantasypros
2024,Jacksonville Jaguars,DST,311.0,fantasypros
2024,Wendell Smallwood,RB,312.0,fantasypros
2024,Nick Keizer,TE,314.0,fantasypros
2024,Mo Alie-Cox,TE,316.0,fantasypros
2024,James White,RB,319.0,fantasypros
2024,Anthony Johnson,CB1,322.0,fantasypros
2024,A.T. Perry,WR,323.0,fantasypros
2024,Jason Witten,TE,324.0,fantasypros
2024,Vernon Davis,TE,326.0,fantasypros
